experiment,epoch,batch_size,num_layers,dropout,hidden_size,dropout_ff,weight_decay,lr,embed_dim,activation,datasize,score
/mnt/nfs/scratch1/ahandler/experiments/qsr/compressor/831508229,17,98,1,0.006416007357582765,535,[0.3330190734823445],9.099181533667006e-07,0.0004844025510500318,100,linear,8000000,0.977922077922078
/mnt/nfs/scratch1/ahandler/experiments/qsr/compressor/729586314,17,98,1,0.006416007357582765,535,[0.3330190734823445],9.099181533667006e-07,0.0004844025510500318,100,linear,4000000,0.9772227772227772
/mnt/nfs/scratch1/ahandler/experiments/qsr/compressor/831508229,18,98,1,0.006416007357582765,535,[0.3330190734823445],9.099181533667006e-07,0.0004844025510500318,100,linear,8000000,0.9768231768231769
/mnt/nfs/scratch1/ahandler/experiments/qsr/compressor/831508229,16,98,1,0.006416007357582765,535,[0.3330190734823445],9.099181533667006e-07,0.0004844025510500318,100,linear,8000000,0.9767232767232767
/mnt/nfs/scratch1/ahandler/experiments/qsr/compressor/729586314,19,98,1,0.006416007357582765,535,[0.3330190734823445],9.099181533667006e-07,0.0004844025510500318,100,linear,4000000,0.9755244755244755
/mnt/nfs/scratch1/ahandler/experiments/qsr/compressor/729586314,18,98,1,0.006416007357582765,535,[0.3330190734823445],9.099181533667006e-07,0.0004844025510500318,100,linear,4000000,0.9755244755244755
/mnt/nfs/scratch1/ahandler/experiments/qsr/compressor/729586314,16,98,1,0.006416007357582765,535,[0.3330190734823445],9.099181533667006e-07,0.0004844025510500318,100,linear,4000000,0.9752247752247752
/mnt/nfs/scratch1/ahandler/experiments/qsr/compressor/729586314,15,98,1,0.006416007357582765,535,[0.3330190734823445],9.099181533667006e-07,0.0004844025510500318,100,linear,4000000,0.9752247752247752
/mnt/nfs/scratch1/ahandler/experiments/qsr/compressor/831508229,14,98,1,0.006416007357582765,535,[0.3330190734823445],9.099181533667006e-07,0.0004844025510500318,100,linear,8000000,0.9747252747252747
/mnt/nfs/scratch1/ahandler/experiments/qsr/compressor/729586314,14,98,1,0.006416007357582765,535,[0.3330190734823445],9.099181533667006e-07,0.0004844025510500318,100,linear,4000000,0.9739260739260739
/mnt/nfs/scratch1/ahandler/experiments/qsr/compressor/831508229,13,98,1,0.006416007357582765,535,[0.3330190734823445],9.099181533667006e-07,0.0004844025510500318,100,linear,8000000,0.9733266733266733
/mnt/nfs/scratch1/ahandler/experiments/qsr/compressor/831508229,19,98,1,0.006416007357582765,535,[0.3330190734823445],9.099181533667006e-07,0.0004844025510500318,100,linear,8000000,0.9732267732267732
/mnt/nfs/scratch1/ahandler/experiments/qsr/compressor/831508229,15,98,1,0.006416007357582765,535,[0.3330190734823445],9.099181533667006e-07,0.0004844025510500318,100,linear,8000000,0.973026973026973
/mnt/nfs/scratch1/ahandler/experiments/qsr/compressor/831508229,12,98,1,0.006416007357582765,535,[0.3330190734823445],9.099181533667006e-07,0.0004844025510500318,100,linear,8000000,0.9728271728271728
/mnt/nfs/scratch1/ahandler/experiments/qsr/compressor/831508229,10,98,1,0.006416007357582765,535,[0.3330190734823445],9.099181533667006e-07,0.0004844025510500318,100,linear,8000000,0.972027972027972
/mnt/nfs/scratch1/ahandler/experiments/qsr/compressor/729586314,12,98,1,0.006416007357582765,535,[0.3330190734823445],9.099181533667006e-07,0.0004844025510500318,100,linear,4000000,0.9716283716283717
/mnt/nfs/scratch1/ahandler/experiments/qsr/compressor/729586314,13,98,1,0.006416007357582765,535,[0.3330190734823445],9.099181533667006e-07,0.0004844025510500318,100,linear,4000000,0.9713286713286713
/mnt/nfs/scratch1/ahandler/experiments/qsr/compressor/831508229,11,98,1,0.006416007357582765,535,[0.3330190734823445],9.099181533667006e-07,0.0004844025510500318,100,linear,8000000,0.9705294705294706
/mnt/nfs/scratch1/ahandler/experiments/qsr/compressor/729586314,10,98,1,0.006416007357582765,535,[0.3330190734823445],9.099181533667006e-07,0.0004844025510500318,100,linear,4000000,0.9685314685314685
/mnt/nfs/scratch1/ahandler/experiments/qsr/compressor/831508229,9,98,1,0.006416007357582765,535,[0.3330190734823445],9.099181533667006e-07,0.0004844025510500318,100,linear,8000000,0.9683316683316683
/mnt/nfs/scratch1/ahandler/experiments/qsr/compressor/378501484,9,98,1,0.006416007357582765,535,[0.3330190734823445],9.099181533667006e-07,0.0004844025510500318,100,linear,2000000,0.967816091954023
/mnt/nfs/scratch1/ahandler/experiments/qsr/compressor/729586314,11,98,1,0.006416007357582765,535,[0.3330190734823445],9.099181533667006e-07,0.0004844025510500318,100,linear,4000000,0.9677322677322677
/mnt/nfs/scratch1/ahandler/experiments/qsr/compressor/729586314,9,98,1,0.006416007357582765,535,[0.3330190734823445],9.099181533667006e-07,0.0004844025510500318,100,linear,4000000,0.9676323676323676
/mnt/nfs/scratch1/ahandler/experiments/qsr/compressor/378501484,8,98,1,0.006416007357582765,535,[0.3330190734823445],9.099181533667006e-07,0.0004844025510500318,100,linear,2000000,0.967416291854073
/mnt/nfs/scratch1/ahandler/experiments/qsr/compressor/729586314,8,98,1,0.006416007357582765,535,[0.3330190734823445],9.099181533667006e-07,0.0004844025510500318,100,linear,4000000,0.9654345654345654
/mnt/nfs/scratch1/ahandler/experiments/qsr/compressor/831508229,8,98,1,0.006416007357582765,535,[0.3330190734823445],9.099181533667006e-07,0.0004844025510500318,100,linear,8000000,0.9646353646353646
/mnt/nfs/scratch1/ahandler/experiments/qsr/compressor/729586314,7,98,1,0.006416007357582765,535,[0.3330190734823445],9.099181533667006e-07,0.0004844025510500318,100,linear,4000000,0.9641358641358642
/mnt/nfs/scratch1/ahandler/experiments/qsr/compressor/378501484,7,98,1,0.006416007357582765,535,[0.3330190734823445],9.099181533667006e-07,0.0004844025510500318,100,linear,2000000,0.9635182408795602
/mnt/nfs/scratch1/ahandler/experiments/qsr/compressor/771896217,7,98,1,0.006416007357582765,535,[0.3330190734823445],9.099181533667006e-07,0.0004844025510500318,100,linear,2000000,0.9635182408795602
/mnt/nfs/scratch1/ahandler/experiments/qsr/compressor/831508229,7,98,1,0.006416007357582765,535,[0.3330190734823445],9.099181533667006e-07,0.0004844025510500318,100,linear,8000000,0.9633366633366633
/mnt/nfs/scratch1/ahandler/experiments/qsr/compressor/831508229,6,98,1,0.006416007357582765,535,[0.3330190734823445],9.099181533667006e-07,0.0004844025510500318,100,linear,8000000,0.9616383616383616
/mnt/nfs/scratch1/ahandler/experiments/qsr/compressor/378501484,6,98,1,0.006416007357582765,535,[0.3330190734823445],9.099181533667006e-07,0.0004844025510500318,100,linear,2000000,0.9612193903048476
/mnt/nfs/scratch1/ahandler/experiments/qsr/compressor/771896217,6,98,1,0.006416007357582765,535,[0.3330190734823445],9.099181533667006e-07,0.0004844025510500318,100,linear,2000000,0.9612193903048476
/mnt/nfs/scratch1/ahandler/experiments/qsr/compressor/831508229,5,98,1,0.006416007357582765,535,[0.3330190734823445],9.099181533667006e-07,0.0004844025510500318,100,linear,8000000,0.9600399600399601
/mnt/nfs/scratch1/ahandler/experiments/qsr/compressor/729586314,6,98,1,0.006416007357582765,535,[0.3330190734823445],9.099181533667006e-07,0.0004844025510500318,100,linear,4000000,0.958941058941059
/mnt/nfs/scratch1/ahandler/experiments/qsr/compressor/729586314,5,98,1,0.006416007357582765,535,[0.3330190734823445],9.099181533667006e-07,0.0004844025510500318,100,linear,4000000,0.958041958041958
/mnt/nfs/scratch1/ahandler/experiments/qsr/compressor/831508229,4,98,1,0.006416007357582765,535,[0.3330190734823445],9.099181533667006e-07,0.0004844025510500318,100,linear,8000000,0.9562437562437562
/mnt/nfs/scratch1/ahandler/experiments/qsr/compressor/378501484,5,98,1,0.006416007357582765,535,[0.3330190734823445],9.099181533667006e-07,0.0004844025510500318,100,linear,2000000,0.9561219390304847
/mnt/nfs/scratch1/ahandler/experiments/qsr/compressor/771896217,5,98,1,0.006416007357582765,535,[0.3330190734823445],9.099181533667006e-07,0.0004844025510500318,100,linear,2000000,0.9561219390304847
/mnt/nfs/scratch1/ahandler/experiments/qsr/compressor/729586314,4,98,1,0.006416007357582765,535,[0.3330190734823445],9.099181533667006e-07,0.0004844025510500318,100,linear,4000000,0.9552447552447553
/mnt/nfs/scratch1/ahandler/experiments/qsr/compressor/831508229,3,98,1,0.006416007357582765,535,[0.3330190734823445],9.099181533667006e-07,0.0004844025510500318,100,linear,8000000,0.9536463536463536
/mnt/nfs/scratch1/ahandler/experiments/qsr/compressor/973564477,3,144,1,0.016494343728833804,695,"[0.4388074341719086, 0.4005141841495795, 0.62667062188118]",5.834655561309323e-08,0.0017424907681872154,300,relu,500000,0.9525237381309345
/mnt/nfs/scratch1/ahandler/experiments/qsr/compressor/378501484,4,98,1,0.006416007357582765,535,[0.3330190734823445],9.099181533667006e-07,0.0004844025510500318,100,linear,2000000,0.951824087956022
/mnt/nfs/scratch1/ahandler/experiments/qsr/compressor/771896217,4,98,1,0.006416007357582765,535,[0.3330190734823445],9.099181533667006e-07,0.0004844025510500318,100,linear,2000000,0.951824087956022
/mnt/nfs/scratch1/ahandler/experiments/qsr/compressor/918252193,3,84,2,0.02679148377434737,717,"[0.1542964043275323, 0.380195218254723]",2.4949267513519303e-07,0.001235061373888286,300,tanh,500000,0.9504247876061969
/mnt/nfs/scratch1/ahandler/experiments/qsr/compressor/277501065,3,98,1,0.006416007357582765,535,[0.3330190734823445],9.099181533667006e-07,0.0004844025510500318,100,linear,2000000,0.9500249875062469
/mnt/nfs/scratch1/ahandler/experiments/qsr/compressor/378501484,3,98,1,0.006416007357582765,535,[0.3330190734823445],9.099181533667006e-07,0.0004844025510500318,100,linear,2000000,0.9500249875062469
/mnt/nfs/scratch1/ahandler/experiments/qsr/compressor/771896217,3,98,1,0.006416007357582765,535,[0.3330190734823445],9.099181533667006e-07,0.0004844025510500318,100,linear,2000000,0.9500249875062469
/mnt/nfs/scratch1/ahandler/experiments/qsr/compressor/831508229,2,98,1,0.006416007357582765,535,[0.3330190734823445],9.099181533667006e-07,0.0004844025510500318,100,linear,8000000,0.94995004995005
/mnt/nfs/scratch1/ahandler/experiments/qsr/compressor/729586314,2,98,1,0.006416007357582765,535,[0.3330190734823445],9.099181533667006e-07,0.0004844025510500318,100,linear,4000000,0.9498501498501498
/mnt/nfs/scratch1/ahandler/experiments/qsr/compressor/729586314,3,98,1,0.006416007357582765,535,[0.3330190734823445],9.099181533667006e-07,0.0004844025510500318,100,linear,4000000,0.9497502497502498
/mnt/nfs/scratch1/ahandler/experiments/qsr/compressor/664949541,0,16,1,0.04769390836645746,384,0.4155539267109447,9.022950629681201e-10,2.3915517967723587e-05,1124,relu,2000000,0.9479260369815092
/mnt/nfs/scratch1/ahandler/experiments/qsr/compressor/831508229,1,98,1,0.006416007357582765,535,[0.3330190734823445],9.099181533667006e-07,0.0004844025510500318,100,linear,8000000,0.9476523476523476
/mnt/nfs/scratch1/ahandler/experiments/qsr/compressor/729586314,1,98,1,0.006416007357582765,535,[0.3330190734823445],9.099181533667006e-07,0.0004844025510500318,100,linear,4000000,0.9464535464535464
/mnt/nfs/scratch1/ahandler/experiments/qsr/compressor/973564477,2,144,1,0.016494343728833804,695,"[0.4388074341719086, 0.4005141841495795, 0.62667062188118]",5.834655561309323e-08,0.0017424907681872154,300,relu,500000,0.9464267866066967
/mnt/nfs/scratch1/ahandler/experiments/qsr/compressor/277501065,2,98,1,0.006416007357582765,535,[0.3330190734823445],9.099181533667006e-07,0.0004844025510500318,100,linear,2000000,0.9454272863568216
/mnt/nfs/scratch1/ahandler/experiments/qsr/compressor/378501484,2,98,1,0.006416007357582765,535,[0.3330190734823445],9.099181533667006e-07,0.0004844025510500318,100,linear,2000000,0.9454272863568216
/mnt/nfs/scratch1/ahandler/experiments/qsr/compressor/771896217,2,98,1,0.006416007357582765,535,[0.3330190734823445],9.099181533667006e-07,0.0004844025510500318,100,linear,2000000,0.9454272863568216
/mnt/nfs/scratch1/ahandler/experiments/qsr/compressor/748242598,3,91,2,0.02713988114201137,126,[0.10923545811270706],5.220521554282838e-09,0.003445936686154165,100,sigmoid,500000,0.944127936031984
/mnt/nfs/scratch1/ahandler/experiments/qsr/compressor/706895115,5,98,1,0.006416007357582765,535,[0.3330190734823445],9.099181533667006e-07,0.0004844025510500318,100,linear,2000000,0.9430569430569431
/mnt/nfs/scratch1/ahandler/experiments/qsr/compressor/918252193,2,84,2,0.02679148377434737,717,"[0.1542964043275323, 0.380195218254723]",2.4949267513519303e-07,0.001235061373888286,300,tanh,500000,0.9428285857071464
/mnt/nfs/scratch1/ahandler/experiments/qsr/compressor/706895115,4,98,1,0.006416007357582765,535,[0.3330190734823445],9.099181533667006e-07,0.0004844025510500318,100,linear,2000000,0.9424575424575424
/mnt/nfs/scratch1/ahandler/experiments/qsr/compressor/277501065,1,98,1,0.006416007357582765,535,[0.3330190734823445],9.099181533667006e-07,0.0004844025510500318,100,linear,2000000,0.9420289855072463
/mnt/nfs/scratch1/ahandler/experiments/qsr/compressor/378501484,1,98,1,0.006416007357582765,535,[0.3330190734823445],9.099181533667006e-07,0.0004844025510500318,100,linear,2000000,0.9420289855072463
/mnt/nfs/scratch1/ahandler/experiments/qsr/compressor/771896217,1,98,1,0.006416007357582765,535,[0.3330190734823445],9.099181533667006e-07,0.0004844025510500318,100,linear,2000000,0.9420289855072463
/mnt/nfs/scratch1/ahandler/experiments/qsr/compressor/706895115,2,98,1,0.006416007357582765,535,[0.3330190734823445],9.099181533667006e-07,0.0004844025510500318,100,linear,2000000,0.9416583416583416
/mnt/nfs/scratch1/ahandler/experiments/qsr/compressor/564018272,0,24,1,0.019704760142617753,882,0.3911318991398136,4.835364721708135e-08,7.847867538155377e-05,1124,relu,2000000,0.9413293353323339
/mnt/nfs/scratch1/ahandler/experiments/qsr/compressor/928386987,0,16,2,0.0026062360503334436,411,0.20128258378968433,2.550078046376697e-07,0.00011972649127477849,1324,relu,2000000,0.9411294352823588
/mnt/nfs/scratch1/ahandler/experiments/qsr/compressor/706895115,1,98,1,0.006416007357582765,535,[0.3330190734823445],9.099181533667006e-07,0.0004844025510500318,100,linear,2000000,0.9410589410589411
/mnt/nfs/scratch1/ahandler/experiments/qsr/compressor/706895115,3,98,1,0.006416007357582765,535,[0.3330190734823445],9.099181533667006e-07,0.0004844025510500318,100,linear,2000000,0.9410589410589411
/mnt/nfs/scratch1/ahandler/experiments/qsr/compressor/434778348,3,114,1,0.011302347623276,357,"[0.2044051016815419, 0.5340660905138995, 0.3676257301822379]",7.335504305298183e-08,0.00032479727321197587,300,linear,500000,0.9410294852573713
/mnt/nfs/scratch1/ahandler/experiments/qsr/compressor/992653166,0,17,2,0.09793363870241505,388,0.47599796420992363,1.4539456352583868e-05,6.8674916047512855e-06,1324,relu,2000000,0.9409295352323838
/mnt/nfs/scratch1/ahandler/experiments/qsr/compressor/706895115,6,98,1,0.006416007357582765,535,[0.3330190734823445],9.099181533667006e-07,0.0004844025510500318,100,linear,2000000,0.9408591408591409
/mnt/nfs/scratch1/ahandler/experiments/qsr/compressor/831508229,0,98,1,0.006416007357582765,535,[0.3330190734823445],9.099181533667006e-07,0.0004844025510500318,100,linear,8000000,0.9404595404595405
/mnt/nfs/scratch1/ahandler/experiments/qsr/compressor/973564477,1,144,1,0.016494343728833804,695,"[0.4388074341719086, 0.4005141841495795, 0.62667062188118]",5.834655561309323e-08,0.0017424907681872154,300,relu,500000,0.9394302848575712
/mnt/nfs/scratch1/ahandler/experiments/qsr/compressor/299101439,3,119,1,0.09867604538862224,702,"[0.5218617972978843, 0.6860926309884593, 0.3087551020609796]",3.241487786667686e-07,0.002986567084688607,300,linear,500000,0.9389305347326337
/mnt/nfs/scratch1/ahandler/experiments/qsr/compressor/729586314,0,98,1,0.006416007357582765,535,[0.3330190734823445],9.099181533667006e-07,0.0004844025510500318,100,linear,4000000,0.9388611388611389
/mnt/nfs/scratch1/ahandler/experiments/qsr/compressor/748242598,2,91,2,0.02713988114201137,126,[0.10923545811270706],5.220521554282838e-09,0.003445936686154165,100,sigmoid,500000,0.9387306346826587
/mnt/nfs/scratch1/ahandler/experiments/qsr/compressor/706895115,7,98,1,0.006416007357582765,535,[0.3330190734823445],9.099181533667006e-07,0.0004844025510500318,100,linear,2000000,0.9385614385614386
/mnt/nfs/scratch1/ahandler/experiments/qsr/compressor/752741878,0,20,1,0.0837870034249224,445,0.6267956896775266,6.114093440289446e-09,1.1537363387118453e-05,1324,tanh,2000000,0.9377311344327836
/mnt/nfs/scratch1/ahandler/experiments/qsr/compressor/602144651,0,19,4,0.0901164999171632,912,0.5360238416471573,3.975583742516227e-09,4.599246273270501e-06,1124,sigmoid,2000000,0.937231384307846
/mnt/nfs/scratch1/ahandler/experiments/qsr/compressor/680022523,0,16,4,0.03635951315263915,647,0.6313076378681752,1.2677843047015164e-05,1.6385495728847802e-06,1124,sigmoid,2000000,0.9370314842578711
/mnt/nfs/scratch1/ahandler/experiments/qsr/compressor/299101439,2,119,1,0.09867604538862224,702,"[0.5218617972978843, 0.6860926309884593, 0.3087551020609796]",3.241487786667686e-07,0.002986567084688607,300,linear,500000,0.9367316341829085
/mnt/nfs/scratch1/ahandler/experiments/qsr/compressor/706895115,0,98,1,0.006416007357582765,535,[0.3330190734823445],9.099181533667006e-07,0.0004844025510500318,100,linear,2000000,0.9361638361638361
/mnt/nfs/scratch1/ahandler/experiments/qsr/compressor/434778348,2,114,1,0.011302347623276,357,"[0.2044051016815419, 0.5340660905138995, 0.3676257301822379]",7.335504305298183e-08,0.00032479727321197587,300,linear,500000,0.9361319340329836
/mnt/nfs/scratch1/ahandler/experiments/qsr/compressor/448971989,3,84,1,0.07216628802321011,883,"[0.4280689689901689, 0.5476786521017198, 0.36200816375763034]",5.725191343439305e-06,0.00023322052846932388,100,sigmoid,500000,0.9359320339830085
/mnt/nfs/scratch1/ahandler/experiments/qsr/compressor/918252193,1,84,2,0.02679148377434737,717,"[0.1542964043275323, 0.380195218254723]",2.4949267513519303e-07,0.001235061373888286,300,tanh,500000,0.9356321839080459
/mnt/nfs/scratch1/ahandler/experiments/qsr/compressor/542026592,0,14,1,0.031743904429171244,894,0.22005149505719024,1.3976261920315672e-09,1.5199274136123282e-06,1324,relu,2000000,0.9345327336331835
/mnt/nfs/scratch1/ahandler/experiments/qsr/compressor/812931483,0,20,4,0.09407804271341108,100,0.688584773947595,7.010385845000447e-08,5.032143630610126e-06,1124,tanh,2000000,0.9343328335832084
/mnt/nfs/scratch1/ahandler/experiments/qsr/compressor/449171176,3,86,1,0.02551818393096318,569,[0.4106640032101706],1.5525023024032292e-09,0.006598662314709915,100,linear,500000,0.9342328835582209
/mnt/nfs/scratch1/ahandler/experiments/qsr/compressor/640774072,3,149,1,0.040874722274207326,685,[0.249788449702551],3.5161741088544284e-06,0.0010190417218278853,100,sigmoid,2000000,0.9328335832083958
/mnt/nfs/scratch1/ahandler/experiments/qsr/compressor/067075749,0,11,4,0.014983185040595016,200,0.6796252552565305,1.7187522155767524e-05,6.193674710146358e-06,1124,tanh,2000000,0.9320339830084957
/mnt/nfs/scratch1/ahandler/experiments/qsr/compressor/748242598,1,91,2,0.02713988114201137,126,[0.10923545811270706],5.220521554282838e-09,0.003445936686154165,100,sigmoid,500000,0.9313343328335832
/mnt/nfs/scratch1/ahandler/experiments/qsr/compressor/430446935,2,112,3,0.045456430320006715,758,[0.6860450896685513],2.6987626037665532e-06,0.0016448501965766326,300,linear,500000,0.9311344327836082
/mnt/nfs/scratch1/ahandler/experiments/qsr/compressor/299101439,1,119,1,0.09867604538862224,702,"[0.5218617972978843, 0.6860926309884593, 0.3087551020609796]",3.241487786667686e-07,0.002986567084688607,300,linear,500000,0.9309345327336331
/mnt/nfs/scratch1/ahandler/experiments/qsr/compressor/640774072,2,149,1,0.040874722274207326,685,[0.249788449702551],3.5161741088544284e-06,0.0010190417218278853,100,sigmoid,2000000,0.9304347826086956
/mnt/nfs/scratch1/ahandler/experiments/qsr/compressor/051530114,0,14,5,0.08119217938567896,309,0.3474591160556718,5.249425843289869e-10,6.293478394760278e-07,1324,tanh,2000000,0.9302348825587207
/mnt/nfs/scratch1/ahandler/experiments/qsr/compressor/277501065,0,98,1,0.006416007357582765,535,[0.3330190734823445],9.099181533667006e-07,0.0004844025510500318,100,linear,2000000,0.9297351324337831
/mnt/nfs/scratch1/ahandler/experiments/qsr/compressor/378501484,0,98,1,0.006416007357582765,535,[0.3330190734823445],9.099181533667006e-07,0.0004844025510500318,100,linear,2000000,0.9297351324337831
/mnt/nfs/scratch1/ahandler/experiments/qsr/compressor/771896217,0,98,1,0.006416007357582765,535,[0.3330190734823445],9.099181533667006e-07,0.0004844025510500318,100,linear,2000000,0.9297351324337831
/mnt/nfs/scratch1/ahandler/experiments/qsr/compressor/441386864,2,51,2,0.0411187116379094,634,"[0.1612766476259357, 0.4229024617009728, 0.6421099064881953]",1.2957733220910277e-05,0.0006155472700434549,300,relu,500000,0.928935532233883
/mnt/nfs/scratch1/ahandler/experiments/qsr/compressor/448971989,2,84,1,0.07216628802321011,883,"[0.4280689689901689, 0.5476786521017198, 0.36200816375763034]",5.725191343439305e-06,0.00023322052846932388,100,sigmoid,500000,0.928935532233883
/mnt/nfs/scratch1/ahandler/experiments/qsr/compressor/430446935,3,112,3,0.045456430320006715,758,[0.6860450896685513],2.6987626037665532e-06,0.0016448501965766326,300,linear,500000,0.9287356321839081
/mnt/nfs/scratch1/ahandler/experiments/qsr/compressor/670492814,3,127,3,0.029241764252008785,839,"[0.3675892991495965, 0.18904063042807512, 0.6695664575642045]",2.4358853004002924e-06,8.869776166560692e-05,300,relu,500000,0.9286356821589206
/mnt/nfs/scratch1/ahandler/experiments/qsr/compressor/918252193,0,84,2,0.02679148377434737,717,"[0.1542964043275323, 0.380195218254723]",2.4949267513519303e-07,0.001235061373888286,300,tanh,500000,0.9284357821089455
/mnt/nfs/scratch1/ahandler/experiments/qsr/compressor/006783278,0,17,4,0.06693417624078268,403,0.38575704050988857,4.280205928332889e-06,0.0001163144362925554,1324,tanh,2000000,0.9282358820589706
/mnt/nfs/scratch1/ahandler/experiments/qsr/compressor/486249921,1,97,3,0.006207764856918475,148,"[0.5869385815399438, 0.6537938074856927]",2.1239920285448084e-06,0.0027514767158449745,300,linear,500000,0.927736131934033
/mnt/nfs/scratch1/ahandler/experiments/qsr/compressor/441386864,3,51,2,0.0411187116379094,634,"[0.1612766476259357, 0.4229024617009728, 0.6421099064881953]",1.2957733220910277e-05,0.0006155472700434549,300,relu,500000,0.9274362818590705
/mnt/nfs/scratch1/ahandler/experiments/qsr/compressor/640774072,1,149,1,0.040874722274207326,685,[0.249788449702551],3.5161741088544284e-06,0.0010190417218278853,100,sigmoid,2000000,0.9273363318340829
/mnt/nfs/scratch1/ahandler/experiments/qsr/compressor/670492814,2,127,3,0.029241764252008785,839,"[0.3675892991495965, 0.18904063042807512, 0.6695664575642045]",2.4358853004002924e-06,8.869776166560692e-05,300,relu,500000,0.9269365317341329
/mnt/nfs/scratch1/ahandler/experiments/qsr/compressor/486249921,3,97,3,0.006207764856918475,148,"[0.5869385815399438, 0.6537938074856927]",2.1239920285448084e-06,0.0027514767158449745,300,linear,500000,0.9268365817091454
/mnt/nfs/scratch1/ahandler/experiments/qsr/compressor/678967049,2,92,3,0.06457569581695659,602,[0.5095288383777886],3.456440785561897e-05,0.0003842886834295899,100,linear,2000000,0.9258370814592704
/mnt/nfs/scratch1/ahandler/experiments/qsr/compressor/442320707,2,148,2,0.013442937890427354,500,"[0.4772772688826834, 0.3094608142320972, 0.11640785511157559]",2.002692220564001e-09,0.000741829374410475,300,linear,500000,0.9250374812593704
/mnt/nfs/scratch1/ahandler/experiments/qsr/compressor/640774072,0,149,1,0.040874722274207326,685,[0.249788449702551],3.5161741088544284e-06,0.0010190417218278853,100,sigmoid,2000000,0.9248375812093953
/mnt/nfs/scratch1/ahandler/experiments/qsr/compressor/159013556,0,68,3,0.09206411636300216,188,[0.6606929428231463],2.4279310997350218e-08,0.00261328961072737,1324,sigmoid,2000000,0.9246376811594202
/mnt/nfs/scratch1/ahandler/experiments/qsr/compressor/991241832,2,104,1,0.062250269867789525,644,"[0.38337321118459244, 0.38253537303203966, 0.44790808222667056]",0.0001051387525322757,0.001836057427183675,100,linear,500000,0.9244377811094453
/mnt/nfs/scratch1/ahandler/experiments/qsr/compressor/991241832,3,104,1,0.062250269867789525,644,"[0.38337321118459244, 0.38253537303203966, 0.44790808222667056]",0.0001051387525322757,0.001836057427183675,100,linear,500000,0.9244377811094453
/mnt/nfs/scratch1/ahandler/experiments/qsr/compressor/449171176,0,86,1,0.02551818393096318,569,[0.4106640032101706],1.5525023024032292e-09,0.006598662314709915,100,linear,500000,0.9242378810594702
/mnt/nfs/scratch1/ahandler/experiments/qsr/compressor/299374782,2,81,1,0.010598573835612935,835,"[0.33897427922590007, 0.5031466722597168, 0.12246610242727284]",0.0005042061668291489,0.0003645227744818664,100,linear,500000,0.9231384307846077
/mnt/nfs/scratch1/ahandler/experiments/qsr/compressor/430446935,1,112,3,0.045456430320006715,758,[0.6860450896685513],2.6987626037665532e-06,0.0016448501965766326,300,linear,500000,0.9229385307346327
/mnt/nfs/scratch1/ahandler/experiments/qsr/compressor/259138245,3,100,3,0.0008005545997709862,181,[0.5853989166519273],7.780583909872938e-09,7.108902555925068e-05,300,tanh,500000,0.9229385307346327
/mnt/nfs/scratch1/ahandler/experiments/qsr/compressor/275642677,2,93,2,0.07110586695445993,678,"[0.6440315975976039, 0.14977671407548748, 0.1165606504186667]",4.981407707889588e-09,4.1746537318149335e-05,300,tanh,500000,0.9226386806596701
/mnt/nfs/scratch1/ahandler/experiments/qsr/compressor/973564477,0,144,1,0.016494343728833804,695,"[0.4388074341719086, 0.4005141841495795, 0.62667062188118]",5.834655561309323e-08,0.0017424907681872154,300,relu,500000,0.9225387306346826
/mnt/nfs/scratch1/ahandler/experiments/qsr/compressor/441386864,1,51,2,0.0411187116379094,634,"[0.1612766476259357, 0.4229024617009728, 0.6421099064881953]",1.2957733220910277e-05,0.0006155472700434549,300,relu,500000,0.9217391304347826
/mnt/nfs/scratch1/ahandler/experiments/qsr/compressor/299101439,0,119,1,0.09867604538862224,702,"[0.5218617972978843, 0.6860926309884593, 0.3087551020609796]",3.241487786667686e-07,0.002986567084688607,300,linear,500000,0.9217391304347826
/mnt/nfs/scratch1/ahandler/experiments/qsr/compressor/678967049,1,92,3,0.06457569581695659,602,[0.5095288383777886],3.456440785561897e-05,0.0003842886834295899,100,linear,2000000,0.9209395302348825
/mnt/nfs/scratch1/ahandler/experiments/qsr/compressor/299374782,3,81,1,0.010598573835612935,835,"[0.33897427922590007, 0.5031466722597168, 0.12246610242727284]",0.0005042061668291489,0.0003645227744818664,100,linear,500000,0.9208395802098951
/mnt/nfs/scratch1/ahandler/experiments/qsr/compressor/434778348,1,114,1,0.011302347623276,357,"[0.2044051016815419, 0.5340660905138995, 0.3676257301822379]",7.335504305298183e-08,0.00032479727321197587,300,linear,500000,0.92063968015992
/mnt/nfs/scratch1/ahandler/experiments/qsr/compressor/680787019,3,76,2,0.027848221985155464,290,"[0.36674341434674806, 0.6097382222342141, 0.6775885634793551]",3.557437796745901e-08,9.530630215292914e-06,300,linear,2000000,0.92063968015992
/mnt/nfs/scratch1/ahandler/experiments/qsr/compressor/299374782,0,81,1,0.010598573835612935,835,"[0.33897427922590007, 0.5031466722597168, 0.12246610242727284]",0.0005042061668291489,0.0003645227744818664,100,linear,500000,0.91984007996002
/mnt/nfs/scratch1/ahandler/experiments/qsr/compressor/448971989,1,84,1,0.07216628802321011,883,"[0.4280689689901689, 0.5476786521017198, 0.36200816375763034]",5.725191343439305e-06,0.00023322052846932388,100,sigmoid,500000,0.91984007996002
/mnt/nfs/scratch1/ahandler/experiments/qsr/compressor/408651283,3,135,1,0.05572332860504309,980,"[0.35081374950692845, 0.5005679140412207]",8.217067661806143e-06,6.6501236081597955e-06,300,linear,2000000,0.919640179910045
/mnt/nfs/scratch1/ahandler/experiments/qsr/compressor/748242598,0,91,2,0.02713988114201137,126,[0.10923545811270706],5.220521554282838e-09,0.003445936686154165,100,sigmoid,500000,0.9194402798600699
/mnt/nfs/scratch1/ahandler/experiments/qsr/compressor/434778348,0,114,1,0.011302347623276,357,"[0.2044051016815419, 0.5340660905138995, 0.3676257301822379]",7.335504305298183e-08,0.00032479727321197587,300,linear,500000,0.9190404797601199
/mnt/nfs/scratch1/ahandler/experiments/qsr/compressor/486249921,2,97,3,0.006207764856918475,148,"[0.5869385815399438, 0.6537938074856927]",2.1239920285448084e-06,0.0027514767158449745,300,linear,500000,0.9186406796601699
/mnt/nfs/scratch1/ahandler/experiments/qsr/compressor/991241832,1,104,1,0.062250269867789525,644,"[0.38337321118459244, 0.38253537303203966, 0.44790808222667056]",0.0001051387525322757,0.001836057427183675,100,linear,500000,0.9183408295852074
/mnt/nfs/scratch1/ahandler/experiments/qsr/compressor/299374782,1,81,1,0.010598573835612935,835,"[0.33897427922590007, 0.5031466722597168, 0.12246610242727284]",0.0005042061668291489,0.0003645227744818664,100,linear,500000,0.9183408295852074
/mnt/nfs/scratch1/ahandler/experiments/qsr/compressor/670492814,1,127,3,0.029241764252008785,839,"[0.3675892991495965, 0.18904063042807512, 0.6695664575642045]",2.4358853004002924e-06,8.869776166560692e-05,300,relu,500000,0.9177411294352824
/mnt/nfs/scratch1/ahandler/experiments/qsr/compressor/773277994,0,15,3,0.028346739643803843,238,0.4423086906938991,4.3577303743204225e-06,4.090318089393763e-07,1124,tanh,2000000,0.9174412793603198
/mnt/nfs/scratch1/ahandler/experiments/qsr/compressor/441386864,0,51,2,0.0411187116379094,634,"[0.1612766476259357, 0.4229024617009728, 0.6421099064881953]",1.2957733220910277e-05,0.0006155472700434549,300,relu,500000,0.9173413293353323
/mnt/nfs/scratch1/ahandler/experiments/qsr/compressor/680787019,2,76,2,0.027848221985155464,290,"[0.36674341434674806, 0.6097382222342141, 0.6775885634793551]",3.557437796745901e-08,9.530630215292914e-06,300,linear,2000000,0.9171414292853574
/mnt/nfs/scratch1/ahandler/experiments/qsr/compressor/275642677,3,93,2,0.07110586695445993,678,"[0.6440315975976039, 0.14977671407548748, 0.1165606504186667]",4.981407707889588e-09,4.1746537318149335e-05,300,tanh,500000,0.9168415792103948
/mnt/nfs/scratch1/ahandler/experiments/qsr/compressor/259138245,2,100,3,0.0008005545997709862,181,[0.5853989166519273],7.780583909872938e-09,7.108902555925068e-05,300,tanh,500000,0.9168415792103948
/mnt/nfs/scratch1/ahandler/experiments/qsr/compressor/486249921,0,97,3,0.006207764856918475,148,"[0.5869385815399438, 0.6537938074856927]",2.1239920285448084e-06,0.0027514767158449745,300,linear,500000,0.9165417291354323
/mnt/nfs/scratch1/ahandler/experiments/qsr/compressor/449171176,1,86,1,0.02551818393096318,569,[0.4106640032101706],1.5525023024032292e-09,0.006598662314709915,100,linear,500000,0.9157421289355322
/mnt/nfs/scratch1/ahandler/experiments/qsr/compressor/128160512,1,68,1,0.02495018423108779,500,"[0.3774620241207659, 0.6278468505015139]",0.0010761502349839525,0.0001994333186408649,300,relu,500000,0.9155422288855573
/mnt/nfs/scratch1/ahandler/experiments/qsr/compressor/275642677,1,93,2,0.07110586695445993,678,"[0.6440315975976039, 0.14977671407548748, 0.1165606504186667]",4.981407707889588e-09,4.1746537318149335e-05,300,tanh,500000,0.9153423288355822
/mnt/nfs/scratch1/ahandler/experiments/qsr/compressor/678967049,0,92,3,0.06457569581695659,602,[0.5095288383777886],3.456440785561897e-05,0.0003842886834295899,100,linear,2000000,0.9151424287856071
/mnt/nfs/scratch1/ahandler/experiments/qsr/compressor/668817452,3,83,1,0.039516732386330314,851,"[0.4943672454330117, 0.12568968504581837, 0.1767344600759534]",0.0003500208728809938,0.0011797321750349871,100,relu,500000,0.9145427286356822
/mnt/nfs/scratch1/ahandler/experiments/qsr/compressor/735494684,3,64,2,0.0697398053696646,595,"[0.3898242440157581, 0.3688073791480211, 0.36641083343641667]",0.0001260920043725366,7.424580219089061e-05,300,tanh,500000,0.9144427786106947
/mnt/nfs/scratch1/ahandler/experiments/qsr/compressor/430446935,0,112,3,0.045456430320006715,758,[0.6860450896685513],2.6987626037665532e-06,0.0016448501965766326,300,linear,500000,0.9142428785607196
/mnt/nfs/scratch1/ahandler/experiments/qsr/compressor/854975564,0,21,1,0.00881232966578337,154,0.5328212379720683,3.3707848843038476e-05,0.0003058478261371058,1324,tanh,2000000,0.9140429785107447
/mnt/nfs/scratch1/ahandler/experiments/qsr/compressor/735494684,2,64,2,0.0697398053696646,595,"[0.3898242440157581, 0.3688073791480211, 0.36641083343641667]",0.0001260920043725366,7.424580219089061e-05,300,tanh,500000,0.9136431784107946
/mnt/nfs/scratch1/ahandler/experiments/qsr/compressor/991241832,0,104,1,0.062250269867789525,644,"[0.38337321118459244, 0.38253537303203966, 0.44790808222667056]",0.0001051387525322757,0.001836057427183675,100,linear,500000,0.9135432283858071
/mnt/nfs/scratch1/ahandler/experiments/qsr/compressor/412620990,2,131,1,0.06488418950093625,238,"[0.2380326480477895, 0.6531983234137977, 0.12647222202898764]",0.0011976065760858782,0.0005185877612272022,300,tanh,2000000,0.9135432283858071
/mnt/nfs/scratch1/ahandler/experiments/qsr/compressor/735494684,1,64,2,0.0697398053696646,595,"[0.3898242440157581, 0.3688073791480211, 0.36641083343641667]",0.0001260920043725366,7.424580219089061e-05,300,tanh,500000,0.9133433283358321
/mnt/nfs/scratch1/ahandler/experiments/qsr/compressor/127324455,3,137,3,0.09079598037678441,447,"[0.562226108308565, 0.3675391478681014]",3.9856951951994045e-05,0.0001555030077118141,100,relu,500000,0.9128435782108946
/mnt/nfs/scratch1/ahandler/experiments/qsr/compressor/442320707,3,148,2,0.013442937890427354,500,"[0.4772772688826834, 0.3094608142320972, 0.11640785511157559]",2.002692220564001e-09,0.000741829374410475,300,linear,500000,0.912743628185907
/mnt/nfs/scratch1/ahandler/experiments/qsr/compressor/668817452,0,83,1,0.039516732386330314,851,"[0.4943672454330117, 0.12568968504581837, 0.1767344600759534]",0.0003500208728809938,0.0011797321750349871,100,relu,500000,0.912543728135932
/mnt/nfs/scratch1/ahandler/experiments/qsr/compressor/679606404,3,86,2,0.08027444617417302,200,[0.6575478925836971],9.997572755952062e-05,6.641568534143903e-06,300,linear,2000000,0.9124437781109446
/mnt/nfs/scratch1/ahandler/experiments/qsr/compressor/449171176,2,86,1,0.02551818393096318,569,[0.4106640032101706],1.5525023024032292e-09,0.006598662314709915,100,linear,500000,0.9122438780609695
/mnt/nfs/scratch1/ahandler/experiments/qsr/compressor/668817452,2,83,1,0.039516732386330314,851,"[0.4943672454330117, 0.12568968504581837, 0.1767344600759534]",0.0003500208728809938,0.0011797321750349871,100,relu,500000,0.9120439780109945
/mnt/nfs/scratch1/ahandler/experiments/qsr/compressor/127324455,1,137,3,0.09079598037678441,447,"[0.562226108308565, 0.3675391478681014]",3.9856951951994045e-05,0.0001555030077118141,100,relu,500000,0.911944027986007
/mnt/nfs/scratch1/ahandler/experiments/qsr/compressor/259138245,1,100,3,0.0008005545997709862,181,[0.5853989166519273],7.780583909872938e-09,7.108902555925068e-05,300,tanh,500000,0.9118440779610195
/mnt/nfs/scratch1/ahandler/experiments/qsr/compressor/412620990,1,131,1,0.06488418950093625,238,"[0.2380326480477895, 0.6531983234137977, 0.12647222202898764]",0.0011976065760858782,0.0005185877612272022,300,tanh,2000000,0.911744127936032
/mnt/nfs/scratch1/ahandler/experiments/qsr/compressor/128160512,2,68,1,0.02495018423108779,500,"[0.3774620241207659, 0.6278468505015139]",0.0010761502349839525,0.0001994333186408649,300,relu,500000,0.9116441779110445
/mnt/nfs/scratch1/ahandler/experiments/qsr/compressor/680787019,1,76,2,0.027848221985155464,290,"[0.36674341434674806, 0.6097382222342141, 0.6775885634793551]",3.557437796745901e-08,9.530630215292914e-06,300,linear,2000000,0.9116441779110445
/mnt/nfs/scratch1/ahandler/experiments/qsr/compressor/408651283,2,135,1,0.05572332860504309,980,"[0.35081374950692845, 0.5005679140412207]",8.217067661806143e-06,6.6501236081597955e-06,300,linear,2000000,0.911344327836082
/mnt/nfs/scratch1/ahandler/experiments/qsr/compressor/814378940,3,137,3,0.09629034206673603,737,"[0.4494602465714814, 0.6451775831488146]",5.941163939215134e-08,3.776440285988694e-05,300,sigmoid,500000,0.9109445277361319
/mnt/nfs/scratch1/ahandler/experiments/qsr/compressor/668817452,1,83,1,0.039516732386330314,851,"[0.4943672454330117, 0.12568968504581837, 0.1767344600759534]",0.0003500208728809938,0.0011797321750349871,100,relu,500000,0.9108445777111445
/mnt/nfs/scratch1/ahandler/experiments/qsr/compressor/128160512,3,68,1,0.02495018423108779,500,"[0.3774620241207659, 0.6278468505015139]",0.0010761502349839525,0.0001994333186408649,300,relu,500000,0.9102448775612194
/mnt/nfs/scratch1/ahandler/experiments/qsr/compressor/412620990,3,131,1,0.06488418950093625,238,"[0.2380326480477895, 0.6531983234137977, 0.12647222202898764]",0.0011976065760858782,0.0005185877612272022,300,tanh,2000000,0.9100449775112444
/mnt/nfs/scratch1/ahandler/experiments/qsr/compressor/722403970,0,14,4,0.08756973352832641,542,0.24714342317673677,3.432959996380181e-09,0.0005956512373455636,1324,tanh,2000000,0.9097451274362819
/mnt/nfs/scratch1/ahandler/experiments/qsr/compressor/468098983,3,94,1,0.03851055624638583,672,"[0.697939848075144, 0.21902729923532518, 0.24427704021929897]",0.0003486593049944308,0.001955043743118887,300,tanh,500000,0.9089455272363818
/mnt/nfs/scratch1/ahandler/experiments/qsr/compressor/468098983,0,94,1,0.03851055624638583,672,"[0.697939848075144, 0.21902729923532518, 0.24427704021929897]",0.0003486593049944308,0.001955043743118887,300,tanh,500000,0.9086456771614193
/mnt/nfs/scratch1/ahandler/experiments/qsr/compressor/412620990,0,131,1,0.06488418950093625,238,"[0.2380326480477895, 0.6531983234137977, 0.12647222202898764]",0.0011976065760858782,0.0005185877612272022,300,tanh,2000000,0.9075462268865567
/mnt/nfs/scratch1/ahandler/experiments/qsr/compressor/541793679,3,84,2,0.019168712248209353,420,[0.5197593317629804],4.3479133100533705e-07,3.0295663242523823e-05,300,sigmoid,500000,0.9071464267866067
/mnt/nfs/scratch1/ahandler/experiments/qsr/compressor/448971989,0,84,1,0.07216628802321011,883,"[0.4280689689901689, 0.5476786521017198, 0.36200816375763034]",5.725191343439305e-06,0.00023322052846932388,100,sigmoid,500000,0.9066466766616692
/mnt/nfs/scratch1/ahandler/experiments/qsr/compressor/468098983,2,94,1,0.03851055624638583,672,"[0.697939848075144, 0.21902729923532518, 0.24427704021929897]",0.0003486593049944308,0.001955043743118887,300,tanh,500000,0.9062468765617191
/mnt/nfs/scratch1/ahandler/experiments/qsr/compressor/679606404,2,86,2,0.08027444617417302,200,[0.6575478925836971],9.997572755952062e-05,6.641568534143903e-06,300,linear,2000000,0.9060469765117442
/mnt/nfs/scratch1/ahandler/experiments/qsr/compressor/127324455,2,137,3,0.09079598037678441,447,"[0.562226108308565, 0.3675391478681014]",3.9856951951994045e-05,0.0001555030077118141,100,relu,500000,0.9059470264867566
/mnt/nfs/scratch1/ahandler/experiments/qsr/compressor/442320707,1,148,2,0.013442937890427354,500,"[0.4772772688826834, 0.3094608142320972, 0.11640785511157559]",2.002692220564001e-09,0.000741829374410475,300,linear,500000,0.9045477261369316
/mnt/nfs/scratch1/ahandler/experiments/qsr/compressor/275642677,0,93,2,0.07110586695445993,678,"[0.6440315975976039, 0.14977671407548748, 0.1165606504186667]",4.981407707889588e-09,4.1746537318149335e-05,300,tanh,500000,0.9041479260369815
/mnt/nfs/scratch1/ahandler/experiments/qsr/compressor/259138245,0,100,3,0.0008005545997709862,181,[0.5853989166519273],7.780583909872938e-09,7.108902555925068e-05,300,tanh,500000,0.9037481259370315
/mnt/nfs/scratch1/ahandler/experiments/qsr/compressor/670492814,0,127,3,0.029241764252008785,839,"[0.3675892991495965, 0.18904063042807512, 0.6695664575642045]",2.4358853004002924e-06,8.869776166560692e-05,300,relu,500000,0.9031484257871064
/mnt/nfs/scratch1/ahandler/experiments/qsr/compressor/468098983,1,94,1,0.03851055624638583,672,"[0.697939848075144, 0.21902729923532518, 0.24427704021929897]",0.0003486593049944308,0.001955043743118887,300,tanh,500000,0.9025487256371814
/mnt/nfs/scratch1/ahandler/experiments/qsr/compressor/541793679,2,84,2,0.019168712248209353,420,[0.5197593317629804],4.3479133100533705e-07,3.0295663242523823e-05,300,sigmoid,500000,0.9022488755622189
/mnt/nfs/scratch1/ahandler/experiments/qsr/compressor/408651283,1,135,1,0.05572332860504309,980,"[0.35081374950692845, 0.5005679140412207]",8.217067661806143e-06,6.6501236081597955e-06,300,linear,2000000,0.9022488755622189
/mnt/nfs/scratch1/ahandler/experiments/qsr/compressor/188076257,3,132,2,0.07926811000902995,239,"[0.6713587245734457, 0.2257917978599469, 0.47951924339320684]",1.1260962254148582e-06,1.3393888848053559e-05,100,sigmoid,2000000,0.9007496251874063
/mnt/nfs/scratch1/ahandler/experiments/qsr/compressor/735494684,0,64,2,0.0697398053696646,595,"[0.3898242440157581, 0.3688073791480211, 0.36641083343641667]",0.0001260920043725366,7.424580219089061e-05,300,tanh,500000,0.8995502248875562
/mnt/nfs/scratch1/ahandler/experiments/qsr/compressor/128160512,0,68,1,0.02495018423108779,500,"[0.3774620241207659, 0.6278468505015139]",0.0010761502349839525,0.0001994333186408649,300,relu,500000,0.8981509245377312
/mnt/nfs/scratch1/ahandler/experiments/qsr/compressor/127324455,0,137,3,0.09079598037678441,447,"[0.562226108308565, 0.3675391478681014]",3.9856951951994045e-05,0.0001555030077118141,100,relu,500000,0.8977511244377812
/mnt/nfs/scratch1/ahandler/experiments/qsr/compressor/814378940,2,137,3,0.09629034206673603,737,"[0.4494602465714814, 0.6451775831488146]",5.941163939215134e-08,3.776440285988694e-05,300,sigmoid,500000,0.8975512243878061
/mnt/nfs/scratch1/ahandler/experiments/qsr/compressor/407888286,2,91,2,0.06939477248144973,801,"[0.49903569052537855, 0.3824021102478161, 0.4237407523233425]",6.614902543109023e-10,5.0601673222126376e-06,300,linear,2000000,0.895552223888056
/mnt/nfs/scratch1/ahandler/experiments/qsr/compressor/680787019,0,76,2,0.027848221985155464,290,"[0.36674341434674806, 0.6097382222342141, 0.6775885634793551]",3.557437796745901e-08,9.530630215292914e-06,300,linear,2000000,0.8933533233383308
/mnt/nfs/scratch1/ahandler/experiments/qsr/compressor/206147961,3,88,1,0.04685711081500933,249,"[0.35799092823613765, 0.6897182789313888, 0.39735875015433864]",4.114646421937519e-06,1.147929435344574e-05,300,tanh,500000,0.8922538730634683
/mnt/nfs/scratch1/ahandler/experiments/qsr/compressor/442320707,0,148,2,0.013442937890427354,500,"[0.4772772688826834, 0.3094608142320972, 0.11640785511157559]",2.002692220564001e-09,0.000741829374410475,300,linear,500000,0.8917541229385307
/mnt/nfs/scratch1/ahandler/experiments/qsr/compressor/541793679,1,84,2,0.019168712248209353,420,[0.5197593317629804],4.3479133100533705e-07,3.0295663242523823e-05,300,sigmoid,500000,0.8915542228885557
/mnt/nfs/scratch1/ahandler/experiments/qsr/compressor/188076257,2,132,2,0.07926811000902995,239,"[0.6713587245734457, 0.2257917978599469, 0.47951924339320684]",1.1260962254148582e-06,1.3393888848053559e-05,100,sigmoid,2000000,0.8909545227386307
/mnt/nfs/scratch1/ahandler/experiments/qsr/compressor/679606404,1,86,2,0.08027444617417302,200,[0.6575478925836971],9.997572755952062e-05,6.641568534143903e-06,300,linear,2000000,0.8903548225887057
/mnt/nfs/scratch1/ahandler/experiments/qsr/compressor/736404129,3,68,2,0.07755672446504297,553,"[0.39999872041132, 0.6532532245929925, 0.31986895243657576]",0.00015591217348372372,2.2952099285366976e-05,100,sigmoid,500000,0.8892553723138431
/mnt/nfs/scratch1/ahandler/experiments/qsr/compressor/188076257,1,132,2,0.07926811000902995,239,"[0.6713587245734457, 0.2257917978599469, 0.47951924339320684]",1.1260962254148582e-06,1.3393888848053559e-05,100,sigmoid,2000000,0.888255872063968
/mnt/nfs/scratch1/ahandler/experiments/qsr/compressor/301538761,3,116,2,0.05991005046976982,136,"[0.5757614277194377, 0.6989764421542772, 0.5306301589492805]",5.44720797732647e-07,3.608023102816641e-05,100,linear,500000,0.887656171914043
/mnt/nfs/scratch1/ahandler/experiments/qsr/compressor/988110690,3,54,2,0.017897506879428295,421,"[0.1901455026182627, 0.24650169095575933, 0.49092794894939795]",8.868452776895017e-07,1.737941049464403e-05,100,linear,500000,0.887656171914043
/mnt/nfs/scratch1/ahandler/experiments/qsr/compressor/814378940,1,137,3,0.09629034206673603,737,"[0.4494602465714814, 0.6451775831488146]",5.941163939215134e-08,3.776440285988694e-05,300,sigmoid,500000,0.8871564217891055
/mnt/nfs/scratch1/ahandler/experiments/qsr/compressor/408651283,0,135,1,0.05572332860504309,980,"[0.35081374950692845, 0.5005679140412207]",8.217067661806143e-06,6.6501236081597955e-06,300,linear,2000000,0.887056471764118
/mnt/nfs/scratch1/ahandler/experiments/qsr/compressor/407888286,1,91,2,0.06939477248144973,801,"[0.49903569052537855, 0.3824021102478161, 0.4237407523233425]",6.614902543109023e-10,5.0601673222126376e-06,300,linear,2000000,0.8837581209395302
/mnt/nfs/scratch1/ahandler/experiments/qsr/compressor/814378940,0,137,3,0.09629034206673603,737,"[0.4494602465714814, 0.6451775831488146]",5.941163939215134e-08,3.776440285988694e-05,300,sigmoid,500000,0.8828585707146427
/mnt/nfs/scratch1/ahandler/experiments/qsr/compressor/206147961,2,88,1,0.04685711081500933,249,"[0.35799092823613765, 0.6897182789313888, 0.39735875015433864]",4.114646421937519e-06,1.147929435344574e-05,300,tanh,500000,0.8825587206396801
/mnt/nfs/scratch1/ahandler/experiments/qsr/compressor/694939852,3,134,1,0.06263526541042895,440,[0.34274711265753577],4.6432811212718505e-05,1.1129989062143306e-05,300,linear,500000,0.8812593703148426
/mnt/nfs/scratch1/ahandler/experiments/qsr/compressor/736404129,2,68,2,0.07755672446504297,553,"[0.39999872041132, 0.6532532245929925, 0.31986895243657576]",0.00015591217348372372,2.2952099285366976e-05,100,sigmoid,500000,0.879560219890055
/mnt/nfs/scratch1/ahandler/experiments/qsr/compressor/407888286,0,91,2,0.06939477248144973,801,"[0.49903569052537855, 0.3824021102478161, 0.4237407523233425]",6.614902543109023e-10,5.0601673222126376e-06,300,linear,2000000,0.879160419790105
/mnt/nfs/scratch1/ahandler/experiments/qsr/compressor/257117815,3,137,1,0.05465304303374986,747,[0.25866158843723597],0.0001920552242954167,2.015282431927086e-05,100,sigmoid,500000,0.8778610694652673
/mnt/nfs/scratch1/ahandler/experiments/qsr/compressor/694939852,2,134,1,0.06263526541042895,440,[0.34274711265753577],4.6432811212718505e-05,1.1129989062143306e-05,300,linear,500000,0.8778610694652673
/mnt/nfs/scratch1/ahandler/experiments/qsr/compressor/257117815,2,137,1,0.05465304303374986,747,[0.25866158843723597],0.0001920552242954167,2.015282431927086e-05,100,sigmoid,500000,0.8753623188405797
/mnt/nfs/scratch1/ahandler/experiments/qsr/compressor/301538761,2,116,2,0.05991005046976982,136,"[0.5757614277194377, 0.6989764421542772, 0.5306301589492805]",5.44720797732647e-07,3.608023102816641e-05,100,linear,500000,0.8747626186906546
/mnt/nfs/scratch1/ahandler/experiments/qsr/compressor/206147961,1,88,1,0.04685711081500933,249,"[0.35799092823613765, 0.6897182789313888, 0.39735875015433864]",4.114646421937519e-06,1.147929435344574e-05,300,tanh,500000,0.8734632683658171
/mnt/nfs/scratch1/ahandler/experiments/qsr/compressor/679606404,0,86,2,0.08027444617417302,200,[0.6575478925836971],9.997572755952062e-05,6.641568534143903e-06,300,linear,2000000,0.8723638180909545
/mnt/nfs/scratch1/ahandler/experiments/qsr/compressor/988110690,2,54,2,0.017897506879428295,421,"[0.1901455026182627, 0.24650169095575933, 0.49092794894939795]",8.868452776895017e-07,1.737941049464403e-05,100,linear,500000,0.8723638180909545
/mnt/nfs/scratch1/ahandler/experiments/qsr/compressor/257117815,1,137,1,0.05465304303374986,747,[0.25866158843723597],0.0001920552242954167,2.015282431927086e-05,100,sigmoid,500000,0.8713643178410795
/mnt/nfs/scratch1/ahandler/experiments/qsr/compressor/301538761,1,116,2,0.05991005046976982,136,"[0.5757614277194377, 0.6989764421542772, 0.5306301589492805]",5.44720797732647e-07,3.608023102816641e-05,100,linear,500000,0.8676661669165417
/mnt/nfs/scratch1/ahandler/experiments/qsr/compressor/541235740,3,103,3,0.06522455258483519,189,"[0.6553305425640216, 0.1753154593838746]",4.364579364754224e-09,9.986645525197056e-06,100,relu,500000,0.8672663668165917
/mnt/nfs/scratch1/ahandler/experiments/qsr/compressor/694939852,1,134,1,0.06263526541042895,440,[0.34274711265753577],4.6432811212718505e-05,1.1129989062143306e-05,300,linear,500000,0.8656671664167916
/mnt/nfs/scratch1/ahandler/experiments/qsr/compressor/736404129,1,68,2,0.07755672446504297,553,"[0.39999872041132, 0.6532532245929925, 0.31986895243657576]",0.00015591217348372372,2.2952099285366976e-05,100,sigmoid,500000,0.8648675662168915
/mnt/nfs/scratch1/ahandler/experiments/qsr/compressor/484307025,2,54,1,0.09226270766720893,944,"[0.11161482964284392, 0.41633317223430355, 0.3620923865138399]",6.046584103558456e-06,3.6890953490090166e-06,100,relu,500000,0.8646676661669166
/mnt/nfs/scratch1/ahandler/experiments/qsr/compressor/206147961,0,88,1,0.04685711081500933,249,"[0.35799092823613765, 0.6897182789313888, 0.39735875015433864]",4.114646421937519e-06,1.147929435344574e-05,300,tanh,500000,0.8619690154922539
/mnt/nfs/scratch1/ahandler/experiments/qsr/compressor/484307025,3,54,1,0.09226270766720893,944,"[0.11161482964284392, 0.41633317223430355, 0.3620923865138399]",6.046584103558456e-06,3.6890953490090166e-06,100,relu,500000,0.8608695652173913
/mnt/nfs/scratch1/ahandler/experiments/qsr/compressor/988110690,1,54,2,0.017897506879428295,421,"[0.1901455026182627, 0.24650169095575933, 0.49092794894939795]",8.868452776895017e-07,1.737941049464403e-05,100,linear,500000,0.8606696651674163
/mnt/nfs/scratch1/ahandler/experiments/qsr/compressor/449147526,3,86,2,0.005294823065838517,764,"[0.30295755052185286, 0.2171677942935817, 0.4924961756802746]",5.351831863771243e-06,1.1945693714343497e-05,100,sigmoid,500000,0.8605697151424287
/mnt/nfs/scratch1/ahandler/experiments/qsr/compressor/541793679,0,84,2,0.019168712248209353,420,[0.5197593317629804],4.3479133100533705e-07,3.0295663242523823e-05,300,sigmoid,500000,0.8604697651174413
/mnt/nfs/scratch1/ahandler/experiments/qsr/compressor/541235740,2,103,3,0.06522455258483519,189,"[0.6553305425640216, 0.1753154593838746]",4.364579364754224e-09,9.986645525197056e-06,100,relu,500000,0.8599700149925037
/mnt/nfs/scratch1/ahandler/experiments/qsr/compressor/694939852,0,134,1,0.06263526541042895,440,[0.34274711265753577],4.6432811212718505e-05,1.1129989062143306e-05,300,linear,500000,0.8597701149425288
/mnt/nfs/scratch1/ahandler/experiments/qsr/compressor/188076257,0,132,2,0.07926811000902995,239,"[0.6713587245734457, 0.2257917978599469, 0.47951924339320684]",1.1260962254148582e-06,1.3393888848053559e-05,100,sigmoid,2000000,0.8597701149425288
/mnt/nfs/scratch1/ahandler/experiments/qsr/compressor/736404129,0,68,2,0.07755672446504297,553,"[0.39999872041132, 0.6532532245929925, 0.31986895243657576]",0.00015591217348372372,2.2952099285366976e-05,100,sigmoid,500000,0.8573713143428285
/mnt/nfs/scratch1/ahandler/experiments/qsr/compressor/449147526,2,86,2,0.005294823065838517,764,"[0.30295755052185286, 0.2171677942935817, 0.4924961756802746]",5.351831863771243e-06,1.1945693714343497e-05,100,sigmoid,500000,0.8524737631184408
/mnt/nfs/scratch1/ahandler/experiments/qsr/compressor/541235740,1,103,3,0.06522455258483519,189,"[0.6553305425640216, 0.1753154593838746]",4.364579364754224e-09,9.986645525197056e-06,100,relu,500000,0.8504747626186907
/mnt/nfs/scratch1/ahandler/experiments/qsr/compressor/449147526,1,86,2,0.005294823065838517,764,"[0.30295755052185286, 0.2171677942935817, 0.4924961756802746]",5.351831863771243e-06,1.1945693714343497e-05,100,sigmoid,500000,0.8491754122938531
/mnt/nfs/scratch1/ahandler/experiments/qsr/compressor/484307025,1,54,1,0.09226270766720893,944,"[0.11161482964284392, 0.41633317223430355, 0.3620923865138399]",6.046584103558456e-06,3.6890953490090166e-06,100,relu,500000,0.8490754622688655
/mnt/nfs/scratch1/ahandler/experiments/qsr/compressor/449147526,0,86,2,0.005294823065838517,764,"[0.30295755052185286, 0.2171677942935817, 0.4924961756802746]",5.351831863771243e-06,1.1945693714343497e-05,100,sigmoid,500000,0.8386806596701649
/mnt/nfs/scratch1/ahandler/experiments/qsr/compressor/541235740,0,103,3,0.06522455258483519,189,"[0.6553305425640216, 0.1753154593838746]",4.364579364754224e-09,9.986645525197056e-06,100,relu,500000,0.8378810594702649
/mnt/nfs/scratch1/ahandler/experiments/qsr/compressor/301538761,0,116,2,0.05991005046976982,136,"[0.5757614277194377, 0.6989764421542772, 0.5306301589492805]",5.44720797732647e-07,3.608023102816641e-05,100,linear,500000,0.8280859570214892
/mnt/nfs/scratch1/ahandler/experiments/qsr/compressor/257117815,0,137,1,0.05465304303374986,747,[0.25866158843723597],0.0001920552242954167,2.015282431927086e-05,100,sigmoid,500000,0.8268865567216391
/mnt/nfs/scratch1/ahandler/experiments/qsr/compressor/986123741,3,84,1,0.023597074784988792,163,"[0.3638375686896358, 0.15010906623541614, 0.6489274830794557]",4.02801775494607e-09,5.469095202639239e-06,100,sigmoid,500000,0.8221889055472263
/mnt/nfs/scratch1/ahandler/experiments/qsr/compressor/484307025,0,54,1,0.09226270766720893,944,"[0.11161482964284392, 0.41633317223430355, 0.3620923865138399]",6.046584103558456e-06,3.6890953490090166e-06,100,relu,500000,0.8180909545227386
/mnt/nfs/scratch1/ahandler/experiments/qsr/compressor/986123741,1,84,1,0.023597074784988792,163,"[0.3638375686896358, 0.15010906623541614, 0.6489274830794557]",4.02801775494607e-09,5.469095202639239e-06,100,sigmoid,500000,0.8002998500749625
/mnt/nfs/scratch1/ahandler/experiments/qsr/compressor/986123741,2,84,1,0.023597074784988792,163,"[0.3638375686896358, 0.15010906623541614, 0.6489274830794557]",4.02801775494607e-09,5.469095202639239e-06,100,sigmoid,500000,0.7977011494252874
/mnt/nfs/scratch1/ahandler/experiments/qsr/compressor/988110690,0,54,2,0.017897506879428295,421,"[0.1901455026182627, 0.24650169095575933, 0.49092794894939795]",8.868452776895017e-07,1.737941049464403e-05,100,linear,500000,0.791904047976012
/mnt/nfs/scratch1/ahandler/experiments/qsr/compressor/986123741,0,84,1,0.023597074784988792,163,"[0.3638375686896358, 0.15010906623541614, 0.6489274830794557]",4.02801775494607e-09,5.469095202639239e-06,100,sigmoid,500000,0.791904047976012
